Date,Season,HomeTeam,AwayTeam,FTR,Home_Elo,Away_Elo,Home_xG_Proxy,Away_xG_Proxy,Home_xG_Avg_L5,Away_xG_Avg_L5,Home_Streak_L5,Away_Streak_L5,Home_Pressure_Avg_L5,Away_Pressure_Avg_L5,Home_Dominance,Away_Dominance
2024-08-15,2024,Athletic Club,Getafe CF,D,1500.0,1500.0,1.79,1.39,0.0,0.0,0.0,0.0,0.0,0.0,0.45454545454545453,0.5454545454545454
2024-08-15,2024,Real Betis,Girona FC,D,1500.0,1500.0,2.87,1.75,0.0,0.0,0.0,0.0,0.0,0.0,0.5,0.5
2024-08-16,2024,Celta Vigo,Alaves,H,1500.0,1500.0,1.7,1.48,0.0,0.0,0.0,0.0,0.0,0.0,0.5,0.5
2024-08-16,2024,UD Las Palmas,Sevilla FC,D,1500.0,1500.0,2.62,2.8899999999999997,0.0,0.0,0.0,0.0,0.0,0.0,0.6666666666666666,0.3333333333333333
2024-08-17,2024,CA Osasuna,CD Leganes,D,1500.0,1500.0,2.8899999999999997,2.0599999999999996,0.0,0.0,0.0,0.0,0.0,0.0,0.6,0.4
2024-08-17,2024,Valencia CF,FC Barcelona,A,1500.0,1500.0,0.8300000000000001,3.9399999999999995,0.0,0.0,0.0,0.0,0.0,0.0,0.2727272727272727,0.7272727272727273
2024-08-18,2024,Real Sociedad,Rayo Vallecano,A,1500.0,1500.0,2.44,2.5300000000000002,0.0,0.0,0.0,0.0,0.0,0.0,0.6666666666666666,0.3333333333333333
2024-08-18,2024,RCD Mallorca,Real Madrid,D,1500.0,1500.0,2.5300000000000002,2.33,0.0,0.0,0.0,0.0,0.0,0.0,0.5333333333333333,0.4666666666666667
2024-08-19,2024,Real Valladolid CF,RCD Espanyol,H,1500.0,1500.0,1.95,1.48,0.0,0.0,0.0,0.0,0.0,0.0,0.6,0.4
2024-08-19,2024,Villarreal CF,Ath Madrid,D,1500.0,1500.0,1.5899999999999999,2.3499999999999996,0.0,0.0,0.0,0.0,0.0,0.0,0.4,0.6
2024-08-23,2024,Sevilla FC,Villarreal CF,A,1501.987935934185,1498.012064065815,3.96,1.99,2.8899999999999997,1.5899999999999999,1.0,1.0,26.0,14.0,0.7777777777777778,0.2222222222222222
2024-08-23,2024,Celta Vigo,Valencia CF,H,1508.012064065815,1488.012064065815,2.08,2.62,1.7,0.8300000000000001,3.0,0.0,22.0,26.0,0.36363636363636365,0.6363636363636364
2024-08-24,2024,CA Osasuna,RCD Mallorca,H,1498.012064065815,1498.012064065815,2.8,1.5699999999999998,2.8899999999999997,2.5300000000000002,1.0,1.0,34.0,24.0,0.5555555555555556,0.4444444444444444
2024-08-24,2024,FC Barcelona,Athletic Club,H,1511.987935934185,1498.012064065815,2.62,1.39,3.9399999999999995,1.79,3.0,1.0,32.0,38.0,0.45454545454545453,0.5454545454545454
2024-08-24,2024,RCD Espanyol,Real Sociedad,A,1491.987935934185,1488.012064065815,2.04,1.88,1.48,2.44,0.0,0.0,20.0,32.0,0.6363636363636364,0.36363636363636365
2024-08-24,2024,Getafe CF,Rayo Vallecano,D,1501.987935934185,1511.987935934185,1.08,0.56,1.39,2.5300000000000002,1.0,3.0,26.0,50.0,0.6,0.4
2024-08-25,2024,Real Madrid,Real Valladolid CF,H,1501.987935934185,1508.012064065815,4.14,1.2999999999999998,2.33,1.95,1.0,3.0,14.0,34.0,0.5,0.5
2024-08-25,2024,CD Leganes,UD Las Palmas,H,1501.987935934185,1498.012064065815,2.3499999999999996,2.3499999999999996,2.0599999999999996,2.62,1.0,1.0,28.0,24.0,0.3,0.7
2024-08-25,2024,Alaves,Real Betis,D,1491.987935934185,1498.012064065815,0.56,2.04,1.48,2.87,0.0,1.0,50.0,26.0,0.2727272727272727,0.7272727272727273
2024-08-25,2024,Ath Madrid,Girona FC,H,1501.987935934185,1501.987935934185,2.7299999999999995,2.62,2.3499999999999996,1.75,1.0,1.0,26.0,14.0,0.1,0.9
2024-08-26,2024,Villarreal CF,Celta Vigo,H,1510.1096582078992,1515.4780824324803,4.59,3.9399999999999995,1.79,1.8900000000000001,4.0,6.0,19.0,23.0,0.6363636363636364,0.36363636363636365
2024-08-27,2024,Rayo Vallecano,FC Barcelona,A,1513.6979095076213,1519.6169089039317,1.88,3.4299999999999997,1.5450000000000002,3.28,4.0,6.0,45.0,31.0,0.5,0.5
2024-08-27,2024,RCD Mallorca,Sevilla FC,D,1490.0,1489.8903417921008,2.24,3.4699999999999998,2.05,3.425,1.0,1.0,21.0,31.0,0.35714285714285715,0.6428571428571429
2024-08-28,2024,Athletic Club,Valencia CF,H,1490.3830910960683,1480.5460456991495,2.33,0.18,1.5899999999999999,1.725,1.0,0.0,40.0,24.0,0.625,0.375
2024-08-28,2024,Real Valladolid CF,CD Leganes,D,1499.8329045618113,1509.8903417921008,1.6600000000000001,1.01,1.625,2.2049999999999996,3.0,4.0,33.0,26.0,0.5,0.5
2024-08-28,2024,Ath Madrid,RCD Espanyol,D,1510.0,1479.8903417921008,4.1899999999999995,1.01,2.5399999999999996,1.76,4.0,0.0,25.0,26.0,0.75,0.25
2024-08-28,2024,Real Sociedad,Alaves,A,1500.1096582078992,1490.1670954381887,1.01,2.5300000000000002,2.16,1.02,3.0,1.0,36.0,43.0,0.5714285714285714,0.42857142857142855
2024-08-29,2024,Girona FC,CA Osasuna,H,1493.9758718683702,1506.0241281316298,2.3499999999999996,0.09,2.185,2.8449999999999998,1.0,4.0,20.0,29.0,1.0,0.0
2024-08-29,2024,UD Las Palmas,Real Madrid,D,1490.1096582078992,1510.1670954381887,1.5,4.57,2.485,3.235,1.0,4.0,23.0,18.0,0.25,0.75
2024-08-31,2024,Valencia CF,Villarreal CF,D,1472.80433155737,1518.2705770423136,3.7199999999999998,1.6799999999999997,1.2100000000000002,2.723333333333333,0.0,7.0,24.0,20.666666666666668,0.8235294117647058,0.17647058823529413
2024-08-31,2024,RCD Espanyol,Rayo Vallecano,H,1482.6945500706283,1501.874143645446,2.3499999999999996,2.98,1.51,1.656666666666667,1.0,4.0,24.666666666666668,43.333333333333336,0.3,0.7
2024-08-31,2024,CD Leganes,RCD Mallorca,A,1511.5987104828416,1488.009032769373,0.94,1.95,1.8066666666666664,2.1133333333333333,5.0,2.0,33.333333333333336,24.0,0.25,0.75
2024-08-31,2024,FC Barcelona,Real Valladolid CF,H,1531.440674766107,1498.1245358710705,4.97,1.0299999999999998,3.3299999999999996,1.6366666666666667,9.0,4.0,28.666666666666668,31.333333333333332,0.9090909090909091,0.09090909090909091
2024-08-31,2024,Athletic Club,Ath Madrid,A,1498.1248052378478,1507.1957917214725,1.01,1.39,1.8366666666666667,3.09,4.0,5.0,36.666666666666664,20.666666666666668,0.5,0.5
2024-09-01,2024,Alaves,UD Las Palmas,H,1502.4282632484455,1488.6820153034234,2.8,3.11,1.5233333333333334,2.1566666666666667,4.0,2.0,39.333333333333336,26.0,0.5454545454545454,0.45454545454545453
2024-09-01,2024,CA Osasuna,Celta Vigo,H,1497.6768148718095,1507.317163598066,2.0599999999999996,1.95,1.9266666666666665,2.5733333333333333,4.0,6.0,25.333333333333332,21.333333333333332,0.6666666666666666,0.3333333333333333
2024-09-01,2024,Sevilla FC,Girona FC,A,1491.8813090227277,1502.3231851281905,2.8899999999999997,2.15,3.44,2.2399999999999998,2.0,4.0,28.666666666666668,20.0,0.5833333333333334,0.4166666666666667
2024-09-01,2024,Getafe CF,Real Sociedad,D,1500.277962360749,1487.8484903976423,1.73,0.09,1.2349999999999999,1.7766666666666666,2.0,3.0,30.0,38.0,0.8,0.2
2024-09-01,2024,Real Madrid,Real Betis,H,1511.5947383426644,1499.8329045618113,4.119999999999999,1.6600000000000001,3.6799999999999997,2.455,5.0,2.0,22.0,30.0,0.7,0.3
2024-09-13,2024,Real Betis,CD Leganes,H,1492.1436987406632,1498.968299703783,2.71,0.27,2.19,1.5899999999999999,2.0,5.0,30.666666666666668,31.0,0.9166666666666666,0.08333333333333333
2024-09-14,2024,Sevilla FC,Getafe CF,H,1480.183684463062,1497.9489862056535,2.0599999999999996,2.51,3.3024999999999998,1.4000000000000001,2.0,3.0,26.0,30.0,0.42857142857142855,0.5714285714285714
2024-09-14,2024,RCD Mallorca,Villarreal CF,A,1500.6394435484317,1518.9755439211765,2.3499999999999996,3.05,2.0725000000000002,2.4625,5.0,8.0,28.0,24.0,0.5384615384615384,0.46153846153846156
2024-09-14,2024,RCD Espanyol,Alaves,H,1491.2421647424462,1510.0634747538875,1.9699999999999998,3.4499999999999997,1.72,1.8425,4.0,7.0,27.0,37.5,0.0,1.0
2024-09-14,2024,Real Sociedad,Real Madrid,A,1490.1774665527378,1519.2839441638125,1.5699999999999998,3.4699999999999998,1.355,3.79,4.0,8.0,37.0,21.5,0.5,0.5
2024-09-15,2024,Ath Madrid,Valencia CF,H,1518.9317106728624,1472.099364678507,2.71,0.74,2.6649999999999996,1.8375,8.0,1.0,20.5,27.0,0.7,0.3
2024-09-15,2024,UD Las Palmas,Athletic Club,A,1481.0468037979815,1486.3888862864578,3.09,1.9699999999999998,2.395,1.63,2.0,4.0,24.0,35.5,0.75,0.25
2024-09-15,2024,Girona FC,FC Barcelona,A,1514.0208096878562,1538.5516557493902,1.9699999999999998,4.41,2.2175,3.7399999999999998,7.0,12.0,23.0,24.5,0.14285714285714285,0.8571428571428571
2024-09-15,2024,Celta Vigo,Real Valladolid CF,H,1499.0371843035887,1491.0135548877872,3.29,0.8300000000000001,2.4175,1.4849999999999999,6.0,4.0,21.5,31.0,0.625,0.375
2024-09-16,2024,Rayo Vallecano,CA Osasuna,H,1493.3265289736282,1505.9567941662867,3.2699999999999996,1.0299999999999998,1.9875,1.9599999999999997,4.0,7.0,41.5,29.5,0.6363636363636364,0.36363636363636365
2024-09-17,2024,RCD Mallorca,Real Sociedad,H,1489.163301077036,1479.0058616621566,2.0599999999999996,2.33,2.128,1.3980000000000001,5.0,4.0,28.4,36.0,0.5,0.5
2024-09-18,2024,Real Betis,Getafe CF,H,1500.3451431500216,1489.4411956860442,3.9399999999999995,2.8,2.3200000000000003,1.6775,5.0,3.0,29.0,32.0,0.6666666666666666,0.3333333333333333
2024-09-19,2024,CD Leganes,Athletic Club,A,1490.7668552944247,1498.2286999747585,2.13,2.0599999999999996,1.3259999999999998,1.698,5.0,7.0,32.8,34.4,0.36363636363636365,0.6363636363636364
2024-09-20,2024,Alaves,Sevilla FC,H,1501.5259532681391,1488.6914749826713,2.0599999999999996,1.2999999999999998,2.164,3.054,7.0,5.0,36.8,30.0,0.375,0.625
2024-09-21,2024,Real Valladolid CF,Real Sociedad,D,1483.2222502706454,1471.2728970845365,1.9299999999999997,2.42,1.3539999999999999,1.3760000000000001,4.0,4.0,33.2,34.0,0.4166666666666667,0.5833333333333334
2024-09-21,2024,CA Osasuna,UD Las Palmas,H,1497.5931823936553,1469.2069901096809,1.75,2.15,1.7739999999999998,2.534,7.0,2.0,30.4,22.8,0.3333333333333333,0.6666666666666666
2024-09-21,2024,Valencia CF,Girona FC,H,1465.3408028410045,1502.7195228806877,1.21,1.5899999999999999,1.6179999999999999,2.168,1.0,7.0,25.6,24.8,0.5555555555555556,0.4444444444444444
2024-09-21,2024,Real Madrid,RCD Espanyol,H,1530.4555490543937,1499.7796862281946,6.85,1.48,3.726,1.77,11.0,7.0,21.2,29.2,0.6923076923076923,0.3076923076923077
2024-09-22,2024,Rayo Vallecano,Ath Madrid,D,1501.6901407462597,1525.690272510365,2.2199999999999998,2.3499999999999996,2.2439999999999998,2.6739999999999995,7.0,11.0,39.2,20.8,0.42857142857142855,0.5714285714285714
2024-09-22,2024,Villarreal CF,FC Barcelona,A,1530.4516863925721,1549.8529425565587,2.33,4.43,2.5799999999999996,3.8739999999999997,11.0,15.0,24.4,22.4,0.7,0.3
2024-09-22,2024,Getafe CF,CD Leganes,D,1481.7286031087826,1478.9860535827122,1.95,1.41,1.902,1.3399999999999999,3.0,4.0,35.6,33.2,0.75,0.25
2024-09-22,2024,Athletic Club,Celta Vigo,H,1510.009501686471,1506.8284889207305,2.9299999999999997,2.15,1.7519999999999996,2.592,9.0,9.0,31.2,24.0,0.3333333333333333,0.6666666666666666
2024-09-23,2024,Real Betis,RCD Mallorca,A,1508.0577357272832,1496.8962656546562,3.0,2.28,2.6439999999999997,2.034,8.0,7.0,28.4,26.0,0.6666666666666666,0.3333333333333333
2024-09-24,2024,Sevilla FC,Real Valladolid CF,H,1481.0314728676424,1480.906347687379,3.4299999999999997,1.2999999999999998,2.7359999999999998,1.3499999999999999,4.0,2.0,32.8,34.0,0.6,0.4
2024-09-24,2024,Valencia CF,CA Osasuna,D,1474.4046362799925,1504.83474198397,1.48,1.39,1.6940000000000002,1.5459999999999998,4.0,9.0,26.8,30.0,0.6666666666666666,0.3333333333333333
2024-09-24,2024,Real Madrid,Alaves,H,1537.6363324719662,1509.185955383168,2.0599999999999996,1.95,4.63,2.28,13.0,10.0,22.8,31.6,0.5,0.5
2024-09-25,2024,FC Barcelona,Getafe CF,H,1561.2990819250572,1479.664970110839,2.5999999999999996,0.9199999999999999,3.972,2.014,15.0,3.0,21.2,38.0,0.5833333333333334,0.4166666666666667
2024-09-25,2024,Girona FC,Rayo Vallecano,D,1493.6556894416997,1500.3738404116405,0.99,0.18,2.136,2.1819999999999995,6.0,5.0,26.8,32.8,0.5714285714285714,0.42857142857142855
2024-09-26,2024,UD Las Palmas,Real Betis,D,1461.9654305193662,1495.7633052181995,1.2999999999999998,2.71,2.44,2.6699999999999995,1.0,7.0,24.4,29.2,0.2,0.8
2024-09-26,2024,Celta Vigo,Ath Madrid,A,1498.9042013205478,1527.0065728449842,1.9699999999999998,1.21,2.682,2.6739999999999995,6.0,11.0,24.8,20.4,0.4,0.6
2024-09-26,2024,RCD Espanyol,Villarreal CF,A,1492.5989028106221,1519.0055470240736,1.5699999999999998,2.51,1.77,2.728,7.0,10.0,28.4,28.8,0.8,0.2
2024-09-27,2024,Real Valladolid CF,RCD Mallorca,A,1472.8977424429395,1509.1906961637399,1.28,3.0,1.3499999999999999,2.1759999999999997,2.0,10.0,34.0,28.0,0.6363636363636364,0.36363636363636365
2024-09-28,2024,Getafe CF,Alaves,H,1473.7718462068137,1501.9461025254745,3.58,1.0999999999999999,1.9819999999999998,2.5580000000000003,2.0,9.0,37.2,28.4,0.5,0.5
2024-09-28,2024,Rayo Vallecano,CD Leganes,D,1502.1753606055524,1481.0496865806558,3.09,2.04,2.106,1.152,5.0,2.0,32.8,36.0,0.5,0.5
2024-09-28,2024,Real Sociedad,Valencia CF,H,1473.588799667803,1473.270622122402,2.7299999999999995,1.9699999999999998,1.484,1.466,2.0,5.0,32.4,25.6,0.6,0.4
2024-09-28,2024,CA Osasuna,FC Barcelona,H,1505.9687561415603,1567.1922058290825,2.7299999999999995,2.5300000000000002,1.2639999999999998,3.967999999999999,7.0,15.0,30.8,17.2,0.38461538461538464,0.6153846153846154
2024-09-29,2024,Celta Vigo,Girona FC,D,1487.704102366022,1491.8541692477877,1.6600000000000001,1.9699999999999998,2.6599999999999997,1.8099999999999998,3.0,7.0,24.8,26.0,0.5,0.5
2024-09-29,2024,Athletic Club,Sevilla FC,D,1517.9337892866536,1489.0400781120818,2.04,2.33,2.0599999999999996,2.63,12.0,7.0,30.4,33.6,0.36363636363636365,0.6363636363636364
2024-09-29,2024,Real Betis,RCD Espanyol,H,1496.8015314361355,1481.3507283778918,5.279999999999999,1.01,2.804,1.6759999999999997,7.0,7.0,27.2,28.8,0.6666666666666666,0.3333333333333333
2024-09-29,2024,Ath Madrid,Real Madrid,D,1538.20667179951,1544.8761853296596,2.24,2.24,2.3699999999999997,4.214,11.0,13.0,19.2,22.8,0.5,0.5
2024-09-30,2024,Villarreal CF,UD Las Palmas,H,1530.253721456804,1460.9272043014303,3.5599999999999996,1.5,2.832,2.2299999999999995,10.0,2.0,30.8,30.0,0.6,0.4
2024-10-04,2024,CD Leganes,Valencia CF,D,1483.6139623469846,1465.267352429488,0.72,0.8300000000000001,1.358,1.8239999999999998,2.0,5.0,29.6,25.6,0.3333333333333333,0.6666666666666666
2024-10-05,2024,RCD Espanyol,RCD Mallorca,H,1473.7617802633188,1520.1578305456999,1.5899999999999999,2.15,1.6759999999999997,2.328,6.0,12.0,34.0,26.4,0.4,0.6
2024-10-05,2024,Getafe CF,CA Osasuna,D,1482.573786514921,1515.7162004351867,1.8599999999999999,1.12,2.3520000000000003,1.7919999999999998,4.0,10.0,39.2,33.2,0.6666666666666666,0.3333333333333333
2024-10-05,2024,UD Las Palmas,Celta Vigo,A,1454.7353663450556,1485.8311620799932,3.6100000000000003,1.01,2.2299999999999995,2.2039999999999997,1.0,4.0,28.8,25.2,0.8461538461538461,0.15384615384615385
2024-10-05,2024,Real Valladolid CF,Rayo Vallecano,A,1461.9306080609795,1499.6110848392236,2.62,2.4,1.2739999999999998,2.348,1.0,6.0,35.6,30.4,0.2777777777777778,0.7222222222222222
2024-10-05,2024,Real Madrid,Villarreal CF,H,1546.6790599541112,1536.4455594131787,1.5699999999999998,1.19,3.7479999999999998,2.626,13.0,10.0,21.6,31.6,0.2857142857142857,0.7142857142857143
2024-10-06,2024,Girona FC,Athletic Club,H,1493.7271095338165,1515.161858243486,3.0,2.33,1.734,2.002,5.0,10.0,27.6,27.2,0.8571428571428571,0.14285714285714285
2024-10-06,2024,Alaves,FC Barcelona,A,1493.1441622173672,1557.444761535456,1.5699999999999998,3.58,2.272,3.7879999999999994,6.0,12.0,34.0,14.4,0.7857142857142857,0.21428571428571427
2024-10-06,2024,Sevilla FC,Real Betis,H,1491.8120091552494,1504.3904795507085,2.71,1.8599999999999999,2.402,3.528,7.0,10.0,32.8,27.2,0.8,0.2
2024-10-06,2024,Real Sociedad,Ath Madrid,D,1481.592069360717,1536.4037971750586,3.76,0.6499999999999999,1.8279999999999998,1.9799999999999998,5.0,11.0,26.8,22.8,0.8333333333333334,0.16666666666666666
2024-10-18,2024,Alaves,Real Valladolid CF,A,1482.980134992098,1451.003051336681,2.0599999999999996,2.24,2.026,1.592,3.0,1.0,33.6,36.4,0.45454545454545453,0.5454545454545454
2024-10-19,2024,Girona FC,Real Sociedad,A,1502.3383226539688,1481.1551940056113,1.5899999999999999,2.42,1.904,2.562,5.0,5.0,27.6,24.0,0.5,0.5
2024-10-19,2024,Celta Vigo,Real Madrid,A,1496.9462584476346,1554.4099479332504,2.62,1.7699999999999998,2.016,3.2379999999999995,7.0,13.0,30.0,20.4,0.75,0.25
2024-10-19,2024,Athletic Club,RCD Espanyol,H,1506.5506451233337,1483.083447278019,2.6399999999999997,1.0299999999999998,2.2659999999999996,1.5239999999999998,10.0,6.0,27.6,33.2,0.5,0.5
2024-10-19,2024,CA Osasuna,Real Betis,A,1516.7730852983484,1496.0283185973246,3.4499999999999997,3.0199999999999996,1.6039999999999999,3.3579999999999997,8.0,7.0,30.4,29.6,0.8333333333333334,0.16666666666666666
2024-10-20,2024,RCD Mallorca,Rayo Vallecano,H,1510.8361635309996,1510.538641563522,3.16,1.48,2.3679999999999994,2.2319999999999998,9.0,9.0,28.0,31.2,0.8181818181818182,0.18181818181818182
2024-10-20,2024,Ath Madrid,CD Leganes,H,1536.8406725301643,1481.1245668540323,4.77,1.0299999999999998,1.8319999999999996,1.3139999999999998,9.0,3.0,23.2,31.6,0.8,0.2
2024-10-20,2024,Villarreal CF,Getafe CF,D,1528.7146714340395,1481.5169016517593,2.0599999999999996,3.05,2.5279999999999996,2.222,9.0,5.0,29.6,39.2,0.5,0.5
2024-10-20,2024,FC Barcelona,Sevilla FC,H,1567.6087887607252,1500.1741701086332,4.5,0.9199999999999999,3.5100000000000002,2.3659999999999997,12.0,10.0,16.0,38.0,0.5,0.5
2024-10-21,2024,Valencia CF,UD Las Palmas,A,1467.7567479224404,1443.6202699774142,3.29,2.7299999999999995,1.246,2.3299999999999996,5.0,1.0,24.8,30.0,0.8461538461538461,0.15384615384615385
2024-10-25,2024,RCD Espanyol,Sevilla FC,A,1475.7105764133973,1493.9356795140538,1.73,1.41,1.3359999999999999,2.1380000000000003,3.0,7.0,35.6,35.2,0.8666666666666667,0.13333333333333333
2024-10-26,2024,UD Las Palmas,Girona FC,H,1456.265323924238,1489.7725020138698,1.95,1.5899999999999999,2.258,1.828,4.0,5.0,34.8,26.0,0.375,0.625
2024-10-26,2024,Real Madrid,FC Barcelona,A,1564.7706154457724,1573.8472793553046,1.9699999999999998,3.38,2.8979999999999997,3.528,13.0,12.0,22.0,16.0,0.7692307692307693,0.23076923076923078
2024-10-26,2024,Real Valladolid CF,Villarreal CF,A,1463.856706851668,1525.4638238317414,1.5,4.5,1.874,2.33,4.0,7.0,34.4,33.2,0.4,0.6
2024-10-26,2024,Rayo Vallecano,Alaves,H,1502.5348010514313,1470.1264794771112,2.5999999999999996,3.38,1.8739999999999999,1.7479999999999998,6.0,3.0,30.8,35.6,0.75,0.25
2024-10-27,2024,CD Leganes,Celta Vigo,H,1474.592904450265,1486.5855909351126,1.79,3.07,1.466,1.8820000000000001,3.0,4.0,27.2,30.4,0.6666666666666666,0.3333333333333333
2024-10-27,2024,Getafe CF,Valencia CF,D,1484.7677492540574,1455.1116939756166,2.51,0.47,2.272,1.7560000000000002,6.0,5.0,38.8,27.6,0.8,0.2
2024-10-27,2024,Real Betis,Ath Madrid,H,1508.5823489924842,1543.3723349339316,3.0300000000000002,1.7699999999999998,3.174,2.2439999999999998,7.0,9.0,28.4,26.4,0.23076923076923078,0.7692307692307693
2024-10-27,2024,Real Sociedad,CA Osasuna,A,1493.7210146457103,1504.2190549031889,4.32,2.0599999999999996,2.7319999999999998,2.088,8.0,8.0,22.8,29.2,0.7777777777777778,0.2222222222222222
2024-10-28,2024,RCD Mallorca,Athletic Club,D,1518.8400040430904,1513.9235159879554,0.6499999999999999,2.09,2.53,2.3999999999999995,12.0,10.0,26.0,28.4,0.06666666666666667,0.9333333333333333
2024-11-01,2024,Alaves,RCD Mallorca,H,1462.9915322198165,1516.7165427337236,2.04,1.21,2.0119999999999996,2.248,0.0,10.0,38.0,29.6,0.7777777777777778,0.2222222222222222
2024-11-02,2024,Girona FC,CD Leganes,H,1480.8190042437584,1482.9386620107477,3.09,2.17,1.828,1.3980000000000001,5.0,6.0,29.2,28.0,0.8571428571428571,0.14285714285714285
2024-11-02,2024,CA Osasuna,Real Valladolid CF,H,1515.915109472915,1453.6151872373507,2.96,1.79,2.15,1.7880000000000003,8.0,3.0,30.0,34.8,0.7777777777777778,0.2222222222222222
2024-11-03,2024,FC Barcelona,RCD Espanyol,H,1585.583039820996,1464.2313089448542,3.87,1.7699999999999998,3.318,1.3859999999999997,12.0,3.0,19.6,38.8,0.6428571428571429,0.35714285714285715
2024-11-03,2024,Athletic Club,Real Betis,D,1516.0469772973222,1517.5723785306327,3.8499999999999996,1.79,2.4059999999999997,3.1799999999999997,8.0,10.0,29.2,26.8,0.75,0.25
2024-11-03,2024,Sevilla FC,Real Sociedad,A,1505.414946982597,1482.0249600759842,0.72,1.6799999999999997,2.1599999999999997,3.13,10.0,8.0,30.8,22.4,0.35714285714285715,0.6428571428571429
2024-11-03,2024,Ath Madrid,UD Las Palmas,H,1534.382305395783,1465.2188216943493,2.2199999999999998,0.38,2.1279999999999997,2.218,8.0,7.0,24.0,34.8,0.9,0.1
2024-11-04,2024,Celta Vigo,Getafe CF,H,1478.2398333746298,1481.9755744668387,1.7699999999999998,1.48,2.066,2.384,4.0,6.0,32.8,40.4,0.0,1.0
2024-11-08,2024,Rayo Vallecano,UD Las Palmas,A,1509.669748308726,1459.0229710492606,5.18,1.8599999999999999,1.95,2.034,8.0,6.0,31.6,30.4,0.75,0.25
2024-11-09,2024,Real Madrid,CA Osasuna,H,1553.034854980081,1522.2811779198532,3.9399999999999995,0.18,1.922,2.4639999999999995,10.0,10.0,24.4,33.2,0.7857142857142857,0.21428571428571427
2024-11-09,2024,Villarreal CF,Alaves,H,1535.7053434460586,1472.5234426912891,2.04,1.6799999999999997,2.7640000000000002,2.03,10.0,3.0,32.4,42.8,0.7777777777777778,0.2222222222222222
2024-11-09,2024,CD Leganes,Sevilla FC,H,1474.8679298591799,1492.7898868979173,1.88,1.75,1.55,1.6179999999999999,5.0,7.0,28.0,26.0,0.0,1.0
2024-11-10,2024,Real Valladolid CF,Athletic Club,D,1447.2491187904125,1514.101247445696,1.41,1.82,1.886,2.59,3.0,6.0,35.2,25.2,0.5,0.5
2024-11-10,2024,Getafe CF,Girona FC,A,1473.8600191060686,1488.8897363953263,0.72,0.85,2.496,2.2479999999999998,6.0,7.0,40.8,32.4,0.7142857142857143,0.2857142857142857
2024-11-10,2024,Real Sociedad,FC Barcelona,H,1494.6500201606639,1590.5721846190372,3.0,0.99,2.9819999999999998,3.572,10.0,12.0,23.2,22.8,0.5384615384615384,0.46153846153846156
2024-11-10,2024,Real Betis,Celta Vigo,D,1519.518108382259,1486.3553887353999,3.4499999999999997,0.85,2.9959999999999996,2.0260000000000002,10.0,7.0,25.2,33.2,1.0,0.0
2024-11-10,2024,RCD Mallorca,Ath Madrid,A,1507.184632262251,1540.5781560408718,2.82,1.39,2.034,2.3299999999999996,7.0,8.0,29.6,26.0,0.7777777777777778,0.2222222222222222
2024-11-22,2024,Getafe CF,Real Valladolid CF,H,1462.2909183213726,1447.1585182490912,2.5300000000000002,1.41,1.924,1.9119999999999997,3.0,4.0,44.0,34.4,0.6,0.4
2024-11-23,2024,Valencia CF,Real Betis,H,1457.9038687628354,1516.6331370841451,2.44,1.5,1.608,2.63,3.0,8.0,32.0,24.8,0.3333333333333333,0.6666666666666666
2024-11-23,2024,Ath Madrid,Alaves,H,1551.627893568445,1466.1793870167999,3.3099999999999996,0.6499999999999999,2.1599999999999993,2.146,10.0,3.0,27.6,40.4,1.0,0.0
2024-11-23,2024,Girona FC,RCD Espanyol,H,1500.4588371800223,1459.242164146813,2.5300000000000002,1.0999999999999999,2.024,1.4259999999999997,9.0,3.0,34.4,38.8,0.6666666666666666,0.3333333333333333
2024-11-23,2024,UD Las Palmas,RCD Mallorca,A,1472.3623096802282,1496.1348947346778,2.13,1.7699999999999998,2.106,1.998,9.0,4.0,31.6,29.6,0.5714285714285714,0.42857142857142855
2024-11-23,2024,Celta Vigo,FC Barcelona,D,1489.2403600335138,1579.827466100716,3.67,1.9699999999999998,1.864,3.2640000000000002,7.0,12.0,32.4,23.6,0.8333333333333334,0.16666666666666666
2024-11-24,2024,CA Osasuna,Villarreal CF,D,1515.1024560369046,1542.0493991205478,1.23,3.5599999999999996,1.954,2.6699999999999995,7.0,10.0,34.4,32.8,0.0,1.0
2024-11-24,2024,Sevilla FC,Rayo Vallecano,H,1484.2776875793302,1496.3304096777583,1.8599999999999999,1.0999999999999999,1.502,2.95,6.0,7.0,26.8,27.6,0.7272727272727273,0.2727272727272727
2024-11-24,2024,CD Leganes,Real Madrid,A,1483.380129177767,1560.2135768630296,0.36,4.05,1.518,2.2979999999999996,7.0,10.0,28.4,23.6,0.3333333333333333,0.6666666666666666
2024-11-24,2024,Athletic Club,Real Sociedad,H,1514.1918479870171,1505.394738678985,2.24,0.8300000000000001,2.5460000000000003,3.036,6.0,10.0,28.8,28.4,0.5,0.5
2024-11-29,2024,RCD Mallorca,Valencia CF,H,1507.4576303577874,1467.5795847726938,1.6799999999999997,0.9199999999999999,1.922,1.8,7.0,5.0,28.4,34.4,0.3333333333333333,0.6666666666666666
2024-11-30,2024,Real Valladolid CF,Ath Madrid,A,1439.5609365954595,1557.4301608400285,1.0999999999999999,3.78,1.67,2.6919999999999993,4.0,12.0,34.4,31.6,0.375,0.625
2024-11-30,2024,RCD Espanyol,Celta Vigo,H,1452.3382036908358,1489.8322120578446,2.26,2.02,1.444,2.396,3.0,5.0,38.0,30.4,0.2857142857142857,0.7142857142857143
2024-11-30,2024,FC Barcelona,UD Las Palmas,A,1579.2356140763852,1461.0395740571187,4.75,1.3199999999999998,2.942,1.8099999999999998,10.0,9.0,25.6,32.4,1.0,0.0
2024-11-30,2024,Alaves,CD Leganes,D,1460.3771197452163,1473.5767862548325,3.6499999999999995,1.41,1.9620000000000002,1.4460000000000002,3.0,6.0,43.2,29.2,0.6190476190476191,0.38095238095238093
2024-12-01,2024,Villarreal CF,Girona FC,D,1543.2822618179566,1507.3627976359994,2.33,2.9099999999999997,2.67,1.9300000000000002,8.0,9.0,34.4,29.6,0.16666666666666666,0.8333333333333334
2024-12-01,2024,Real Madrid,Getafe CF,H,1570.016919785964,1469.8884999750044,2.33,1.5899999999999999,2.6599999999999997,2.058,12.0,5.0,23.2,43.6,0.625,0.375
2024-12-01,2024,Rayo Vallecano,Athletic Club,A,1487.9829713914312,1521.9619865472437,1.79,3.11,2.552,2.5279999999999996,6.0,9.0,30.0,30.4,0.125,0.875
2024-12-01,2024,Real Sociedad,Real Betis,H,1497.6246001187585,1506.9574210742867,0.47,1.21,2.45,2.558,9.0,8.0,29.6,24.8,0.0,1.0
2024-12-02,2024,Sevilla FC,CA Osasuna,D,1492.6251258656573,1513.8695933394959,2.5300000000000002,1.5,1.332,1.9759999999999998,6.0,7.0,24.4,36.0,0.8333333333333334,0.16666666666666666
2024-12-03,2024,RCD Mallorca,FC Barcelona,A,1514.3964678773905,1564.2930903502518,0.8300000000000001,4.41,1.626,2.992,7.0,7.0,28.0,25.6,0.2857142857142857,0.7142857142857143
2024-12-04,2024,Athletic Club,Real Madrid,H,1532.9950550435674,1575.4773833231836,1.6799999999999997,2.3499999999999996,2.622,2.812,9.0,12.0,26.8,24.0,0.7142857142857143,0.2857142857142857
2024-12-06,2024,Celta Vigo,RCD Mallorca,H,1480.765089333531,1503.818491043908,2.5300000000000002,1.9699999999999998,2.276,1.6619999999999997,5.0,6.0,26.8,28.8,0.5,0.5
2024-12-07,2024,Girona FC,Real Madrid,A,1510.3203427966594,1566.2677536103129,2.0599999999999996,2.9299999999999997,2.194,2.928,10.0,9.0,32.4,23.2,0.6666666666666666,0.3333333333333333
2024-12-07,2024,Valencia CF,Rayo Vallecano,A,1460.6407472530907,1476.9499028951075,3.0,0.8300000000000001,1.59,2.43,5.0,3.0,35.2,28.8,0.6923076923076923,0.3076923076923077
2024-12-07,2024,UD Las Palmas,Real Valladolid CF,H,1475.9820977832521,1430.9300711526548,2.44,1.39,1.528,1.442,9.0,1.0,28.4,30.8,0.5,0.5
2024-12-07,2024,Real Betis,FC Barcelona,D,1498.686029965852,1574.8710671837343,2.82,1.6799999999999997,2.196,3.198,5.0,7.0,25.6,23.2,0.6,0.4
2024-12-08,2024,CD Leganes,Real Sociedad,A,1475.197220381336,1505.8959912271932,1.5699999999999998,2.8,1.5219999999999998,2.06,7.0,9.0,33.2,36.8,0.625,0.375
2024-12-08,2024,Athletic Club,Villarreal CF,H,1542.2046847564382,1540.3247166572967,2.24,1.28,2.54,2.898,11.0,9.0,31.2,33.6,0.5,0.5
2024-12-08,2024,CA Osasuna,Alaves,D,1515.2637509131637,1458.756685618713,3.76,1.41,1.5859999999999999,2.28,8.0,4.0,36.8,40.8,0.7272727272727273,0.2727272727272727
2024-12-08,2024,Ath Madrid,Sevilla FC,H,1566.0610262828332,1491.2309682919895,3.87,1.23,2.4939999999999998,1.654,12.0,7.0,29.2,22.8,0.625,0.375
2024-12-09,2024,Getafe CF,RCD Espanyol,H,1464.4280364377848,1461.4053264151494,3.09,1.0999999999999999,1.766,1.5779999999999998,4.0,3.0,46.8,38.0,0.5,0.5
2024-12-13,2024,Real Valladolid CF,Valencia CF,H,1424.1255756386606,1449.107585603649,0.47,1.8399999999999999,1.42,2.024,1.0,4.0,29.2,31.6,0.125,0.875
2024-12-14,2024,RCD Espanyol,CA Osasuna,D,1453.4766783964192,1511.7754020673733,1.6799999999999997,0.54,1.5919999999999999,1.9259999999999997,3.0,6.0,36.4,36.4,0.5555555555555556,0.4444444444444444
2024-12-14,2024,RCD Mallorca,Girona FC,H,1495.1615586624805,1499.9160971817562,1.2999999999999998,1.46,1.814,2.288,6.0,10.0,28.4,28.0,0.3333333333333333,0.6666666666666666
2024-12-14,2024,Sevilla FC,Celta Vigo,H,1485.1737397146067,1489.4220217149584,1.5899999999999999,1.48,1.6179999999999999,2.168,4.0,8.0,23.6,23.2,0.42857142857142855,0.5714285714285714
2024-12-14,2024,Rayo Vallecano,Real Madrid,D,1488.483064544549,1576.671999225216,2.71,2.9099999999999997,2.3,3.12,6.0,12.0,28.8,20.0,0.5714285714285714,0.42857142857142855
2024-12-15,2024,FC Barcelona,CD Leganes,A,1574.6930663055418,1464.070840253099,2.96,1.7,2.7600000000000002,1.478,5.0,4.0,24.4,32.0,0.8,0.2
2024-12-15,2024,Villarreal CF,Real Betis,A,1532.3645677122133,1498.8640308440445,2.69,2.0599999999999996,2.742,2.154,8.0,3.0,29.2,27.6,0.5,0.5
2024-12-15,2024,Ath Madrid,Getafe CF,H,1572.118254860216,1472.356684456515,1.8599999999999999,0.9199999999999999,2.9139999999999997,1.8820000000000001,15.0,6.0,32.8,44.4,0.7272727272727273,0.2727272727272727
2024-12-15,2024,Alaves,Athletic Club,D,1462.2450344645033,1550.1648337015215,1.41,1.39,1.886,2.218,5.0,13.0,40.4,34.4,0.3333333333333333,0.6666666666666666
2024-12-15,2024,Real Sociedad,UD Las Palmas,D,1517.02237135543,1482.7865932972463,2.51,1.6799999999999997,1.7559999999999998,1.626,12.0,9.0,39.6,30.4,0.5714285714285714,0.42857142857142855
2024-12-18,2024,RCD Espanyol,Valencia CF,D,1453.1400158703948,1440.3961046098345,1.7699999999999998,2.42,1.5819999999999999,1.734,4.0,4.0,36.4,30.0,0.36363636363636365,0.6363636363636364
2024-12-18,2024,Villarreal CF,Rayo Vallecano,D,1519.4706850199057,1489.006106416505,2.71,2.4899999999999998,2.38,2.322,5.0,4.0,32.4,33.2,0.5,0.5
2024-12-20,2024,Girona FC,Real Valladolid CF,H,1491.7722442288862,1432.8370566324752,4.1,0.38,1.9619999999999997,1.156,7.0,4.0,26.8,28.4,0.9,0.1
2024-12-21,2024,Getafe CF,RCD Mallorca,A,1466.8878340157198,1503.3054116153505,3.07,1.39,1.77,1.5099999999999998,6.0,9.0,44.4,30.4,1.0,0.0
2024-12-21,2024,Celta Vigo,Real Sociedad,H,1481.2922341617982,1514.1091108354656,3.0199999999999996,0.9199999999999999,2.1100000000000003,1.922,5.0,10.0,22.8,40.0,0.4166666666666667,0.5833333333333334
2024-12-21,2024,CA Osasuna,Athletic Club,A,1512.1120645933977,1549.6495172899051,1.41,3.4899999999999998,1.442,2.132,4.0,13.0,33.2,35.6,0.5,0.5
2024-12-21,2024,FC Barcelona,Ath Madrid,A,1559.9170498563817,1577.5871053010112,3.7399999999999998,1.6099999999999999,3.154,2.8419999999999996,5.0,15.0,23.6,33.6,0.7857142857142857,0.21428571428571427
2024-12-22,2024,Real Betis,Rayo Vallecano,D,1511.7579135363521,1491.819724127526,2.71,2.0599999999999996,2.2079999999999997,1.784,5.0,5.0,29.6,36.4,0.5,0.5
2024-12-22,2024,CD Leganes,Villarreal CF,A,1478.8468567022592,1516.6570673088847,1.3199999999999998,4.2299999999999995,1.384,2.5140000000000002,7.0,3.0,30.4,31.2,0.16666666666666666,0.8333333333333334
2024-12-22,2024,Real Madrid,Sevilla FC,H,1576.1489573532601,1493.3035272677669,3.76,2.3499999999999996,2.914,1.7920000000000003,10.0,7.0,20.4,28.0,0.5,0.5
2024-12-22,2024,Valencia CF,Alaves,D,1442.7336383498055,1462.7603508761197,1.5899999999999999,1.8599999999999999,2.1239999999999997,1.7599999999999998,4.0,3.0,23.6,38.0,0.5555555555555556,0.4444444444444444
2024-12-22,2024,UD Las Palmas,RCD Espanyol,H,1485.6998538172109,1450.8024821304239,2.0599999999999996,1.39,1.886,1.5819999999999996,10.0,5.0,30.8,35.2,0.5,0.5
2025-01-03,2024,Valencia CF,Real Madrid,A,1441.3051291522606,1582.0131386774578,2.17,2.98,1.954,2.856,2.0,10.0,26.8,18.4,0.2857142857142857,0.7142857142857143
2025-01-10,2024,Rayo Vallecano,Celta Vigo,H,1494.3520408680374,1490.2260851638516,2.17,4.1,1.9759999999999998,2.5439999999999996,6.0,7.0,35.6,28.4,0.5,0.5
2025-01-11,2024,Alaves,Girona FC,A,1464.1888600736645,1498.2226629321422,1.5699999999999998,0.56,1.7959999999999998,2.6119999999999997,4.0,7.0,34.8,25.6,0.6666666666666666,0.3333333333333333
2025-01-11,2024,Real Valladolid CF,Real Betis,H,1426.3866379292192,1509.2255967958406,1.37,2.13,0.9499999999999998,2.0599999999999996,3.0,5.0,25.2,27.2,0.1111111111111111,0.8888888888888888
2025-01-11,2024,RCD Espanyol,CD Leganes,D,1443.7331590352976,1467.9230020195118,2.8,3.0,1.64,1.2719999999999998,5.0,4.0,33.6,34.8,0.6666666666666666,0.3333333333333333
2025-01-11,2024,Sevilla FC,Valencia CF,D,1487.4393459435692,1433.3126299637586,2.8,0.74,1.9119999999999997,2.2039999999999997,7.0,2.0,29.6,28.4,0.9090909090909091,0.09090909090909091
2025-01-12,2024,UD Las Palmas,Getafe CF,A,1492.7691769123371,1455.9242531698278,3.38,1.95,1.9259999999999997,2.2399999999999998,10.0,6.0,29.6,42.4,0.4444444444444444,0.5555555555555556
2025-01-12,2024,Ath Madrid,CA Osasuna,H,1589.0819950378627,1501.180426878505,2.26,0.8300000000000001,2.886,1.688,15.0,4.0,30.4,30.0,1.0,0.0
2025-01-13,2024,Real Sociedad,Villarreal CF,H,1505.1752598334122,1527.580921991632,1.41,2.8,1.5059999999999998,2.6479999999999997,7.0,5.0,39.2,30.8,0.3,0.7
2025-01-17,2024,RCD Espanyol,Real Valladolid CF,H,1442.4222248054896,1436.756004754778,2.24,2.15,1.7479999999999998,0.942,3.0,6.0,34.4,27.6,0.125,0.875
2025-01-18,2024,Girona FC,Sevilla FC,A,1509.2541713155583,1484.0113153402365,1.79,3.0,2.2179999999999995,2.1,7.0,5.0,30.0,30.0,0.6363636363636364,0.36363636363636365
2025-01-18,2024,CD Leganes,Ath Madrid,H,1469.2339362493199,1594.8262715989263,1.6799999999999997,2.87,1.8,2.676,5.0,15.0,36.0,26.0,0.18181818181818182,0.8181818181818182
2025-01-18,2024,Real Betis,Alaves,A,1498.856229970282,1453.1573516902483,1.21,2.26,2.186,1.9799999999999998,5.0,4.0,25.6,32.8,0.4,0.6
2025-01-18,2024,Getafe CF,FC Barcelona,D,1468.9060860602565,1548.4221601195302,2.0599999999999996,3.34,2.1239999999999997,3.508,6.0,4.0,43.2,22.0,0.16666666666666666,0.8333333333333334
2025-01-19,2024,Celta Vigo,Athletic Club,A,1482.327808626382,1560.581155004798,0.56,3.0,2.63,2.382,6.0,13.0,26.4,32.8,0.42857142857142855,0.5714285714285714
2025-01-19,2024,Real Madrid,UD Las Palmas,H,1590.00563786596,1479.7873440219084,6.109999999999999,1.12,2.9859999999999998,2.1759999999999997,10.0,10.0,20.0,30.4,0.8,0.2
2025-01-19,2024,CA Osasuna,Rayo Vallecano,D,1495.4361503174414,1502.250317405507,1.95,1.5899999999999999,1.6079999999999999,2.0519999999999996,3.0,9.0,28.4,36.8,0.6666666666666666,0.3333333333333333
2025-01-19,2024,Valencia CF,Real Sociedad,H,1436.7406605670913,1513.813889672065,1.21,1.6799999999999997,1.752,1.6219999999999999,3.0,10.0,29.6,42.4,0.36363636363636365,0.6363636363636364
2025-01-20,2024,Villarreal CF,RCD Mallorca,H,1518.9422921529792,1514.2689924612425,3.29,1.39,2.742,1.434,4.0,9.0,30.0,28.4,0.5454545454545454,0.45454545454545453
2025-01-24,2024,UD Las Palmas,CA Osasuna,D,1474.5543813387417,1493.6373041317738,3.4699999999999998,2.5999999999999996,2.1359999999999997,1.698,7.0,3.0,32.0,26.8,0.6666666666666666,0.3333333333333333
2025-01-25,2024,Real Valladolid CF,Real Madrid,A,1428.9000625987933,1595.2386005491267,1.12,2.96,1.152,3.7379999999999995,6.0,13.0,32.0,19.6,0.125,0.875
2025-01-25,2024,Sevilla FC,RCD Espanyol,D,1496.6859604686174,1450.2781669614742,3.41,0.8300000000000001,2.194,1.9759999999999998,7.0,6.0,32.8,32.0,0.8333333333333334,0.16666666666666666
2025-01-25,2024,RCD Mallorca,Real Betis,A,1506.3857688690362,1485.644018674777,2.3099999999999996,1.5899999999999999,1.376,2.1859999999999995,6.0,5.0,30.8,27.6,0.5,0.5
2025-01-25,2024,Ath Madrid,Villarreal CF,D,1583.239712436489,1526.8255157451856,4.119999999999999,1.28,2.4939999999999998,3.1439999999999997,12.0,7.0,24.4,29.6,0.45454545454545453,0.5454545454545454
2025-01-26,2024,Rayo Vallecano,Girona FC,H,1504.0491635911746,1496.5795261871774,3.5599999999999996,2.5300000000000002,2.2039999999999997,1.9940000000000002,7.0,6.0,37.2,24.8,0.8,0.2
2025-01-26,2024,Real Sociedad,Getafe CF,A,1503.6103338947655,1469.1799122188763,2.33,2.33,1.8639999999999997,2.218,7.0,7.0,36.4,35.2,0.7142857142857143,0.2857142857142857
2025-01-26,2024,Athletic Club,CD Leganes,D,1570.343649273871,1480.820495411757,3.4799999999999995,1.0299999999999998,2.3600000000000003,1.8539999999999999,13.0,7.0,32.0,35.2,0.9411764705882353,0.058823529411764705
2025-01-26,2024,FC Barcelona,Valencia CF,H,1548.1483339609103,1446.9442163443907,5.17,1.21,3.226,1.626,5.0,6.0,23.6,29.6,0.7777777777777778,0.2222222222222222
2025-01-27,2024,Alaves,Celta Vigo,D,1466.3695629857532,1472.5653143573088,0.56,1.0299999999999998,1.702,2.338,6.0,6.0,38.0,28.4,0.42857142857142855,0.5714285714285714
2025-01-31,2024,CD Leganes,Rayo Vallecano,A,1485.1143627679496,1511.8556408518677,0.74,2.58,1.7459999999999998,2.3739999999999997,8.0,9.0,33.2,37.2,0.18181818181818182,0.8181818181818182
2025-02-01,2024,RCD Espanyol,Real Madrid,H,1453.5086650973815,1602.5346999499188,1.0299999999999998,3.92,1.8060000000000003,3.7439999999999998,6.0,13.0,32.8,22.0,0.1111111111111111,0.8888888888888888
2025-02-01,2024,Ath Madrid,RCD Mallorca,H,1579.7537115200073,1493.8318196326368,2.98,1.19,2.5439999999999996,1.672,10.0,6.0,24.0,30.0,0.7142857142857143,0.2857142857142857
2025-02-01,2024,Villarreal CF,Real Valladolid CF,H,1530.3115166616674,1421.603963198001,4.3,1.2999999999999998,2.8619999999999997,1.098,8.0,6.0,26.4,31.6,0.3333333333333333,0.6666666666666666
2025-02-01,2024,Getafe CF,Sevilla FC,D,1482.0982987238242,1493.45546233271,0.9199999999999999,1.46,2.066,2.63,7.0,8.0,36.8,34.0,0.5454545454545454,0.45454545454545453
2025-02-02,2024,FC Barcelona,Alaves,H,1553.5842512735524,1464.5534988586542,2.15,0.27,3.378,1.532,5.0,6.0,21.2,38.0,0.7142857142857143,0.2857142857142857
2025-02-02,2024,Valencia CF,Celta Vigo,H,1441.5082990317487,1474.3813784844078,2.17,0.85,1.384,2.0379999999999994,5.0,4.0,30.4,31.2,0.7142857142857143,0.2857142857142857
2025-02-02,2024,CA Osasuna,Real Sociedad,H,1495.0924130658102,1490.6919473898176,2.15,2.04,1.466,1.77,3.0,4.0,30.0,35.2,0.375,0.625
2025-02-02,2024,Real Betis,Athletic Club,D,1498.1979679111764,1566.0497819176785,2.6399999999999997,2.24,1.94,2.7199999999999998,7.0,11.0,29.2,26.8,0.3,0.7
2025-02-03,2024,Girona FC,UD Las Palmas,H,1488.7730489264843,1473.0992724047053,2.24,1.48,2.088,2.3419999999999996,6.0,5.0,25.2,32.4,0.7857142857142857,0.21428571428571427
2025-02-07,2024,Rayo Vallecano,Real Valladolid CF,H,1523.0943326640347,1416.3373295965825,3.5399999999999996,1.5899999999999999,2.392,1.264,11.0,3.0,39.2,32.0,0.6666666666666666,0.3333333333333333
2025-02-08,2024,UD Las Palmas,Villarreal CF,A,1465.5163679748732,1535.578150263086,2.96,1.9699999999999998,2.3019999999999996,3.1799999999999997,4.0,10.0,32.0,24.4,0.5454545454545454,0.45454545454545453
2025-02-08,2024,Real Madrid,Ath Madrid,D,1590.29857804805,1585.5447609671826,4.68,1.19,3.9459999999999993,2.768,12.0,10.0,19.2,22.0,0.8571428571428571,0.14285714285714285
2025-02-08,2024,Celta Vigo,Real Betis,H,1465.4459281961292,1498.136138935995,3.0,2.5300000000000002,1.9119999999999997,2.056,4.0,5.0,34.0,29.2,0.36363636363636365,0.6363636363636364
2025-02-08,2024,Athletic Club,Girona FC,H,1566.11161089286,1496.3559533563164,4.39,0.56,2.7199999999999998,2.244,9.0,9.0,28.4,24.4,0.8461538461538461,0.15384615384615385
2025-02-09,2024,Alaves,Getafe CF,A,1458.835799748174,1480.4262704261507,2.24,1.23,1.3039999999999998,2.066,5.0,8.0,40.4,38.0,0.7272727272727273,0.2727272727272727
2025-02-09,2024,Valencia CF,CD Leganes,H,1450.4437493200273,1473.8756709557827,2.78,2.24,1.5,1.5539999999999998,7.0,5.0,25.6,31.2,0.75,0.25
2025-02-09,2024,Real Sociedad,RCD Espanyol,H,1482.801221621354,1465.7447869992502,2.04,0.6499999999999999,1.6759999999999997,1.6580000000000001,3.0,8.0,32.0,33.6,1.0,0.0
2025-02-09,2024,Sevilla FC,FC Barcelona,A,1495.1274906303836,1559.3019503840326,1.88,2.6399999999999997,2.604,3.472,6.0,7.0,33.6,20.0,0.45454545454545453,0.5454545454545454
2025-02-10,2024,RCD Mallorca,CA Osasuna,D,1488.0407701854615,1502.9831388342739,1.48,2.87,1.516,1.7879999999999998,6.0,5.0,31.6,29.6,0.3888888888888889,0.6111111111111112
2025-02-14,2024,Girona FC,Getafe CF,A,1490.1746708338108,1491.810661440509,2.42,2.6399999999999997,1.536,1.6979999999999997,6.0,11.0,24.4,37.6,0.5,0.5
2025-02-15,2024,Villarreal CF,Valencia CF,D,1545.5763720259065,1459.1113814204944,2.33,1.95,2.7279999999999998,1.6219999999999999,10.0,10.0,23.6,24.4,0.4444444444444444,0.5555555555555556
2025-02-15,2024,CD Leganes,Alaves,D,1465.2080388553156,1447.4514087338157,1.5899999999999999,3.4699999999999998,1.738,1.3800000000000001,5.0,4.0,27.2,41.2,0.6,0.4
2025-02-15,2024,CA Osasuna,Real Madrid,D,1504.554691719168,1588.1795881122957,2.15,3.2699999999999996,2.0799999999999996,4.13,6.0,10.0,31.6,22.8,0.75,0.25
2025-02-15,2024,Ath Madrid,Celta Vigo,D,1587.663750902937,1474.376175039947,1.6799999999999997,2.15,2.6839999999999997,1.908,8.0,4.0,24.0,30.8,0.2222222222222222,0.7777777777777778
2025-02-16,2024,Real Betis,Real Sociedad,H,1489.2058920921772,1490.3466911864316,4.48,0.74,2.02,1.9,4.0,6.0,32.0,29.6,0.5,0.5
2025-02-16,2024,RCD Mallorca,UD Las Palmas,H,1486.4692173005674,1455.5181462120527,2.71,1.9699999999999998,1.552,2.482,4.0,1.0,28.4,34.0,0.375,0.625
2025-02-16,2024,Real Valladolid CF,Sevilla FC,A,1411.027017364244,1484.959833815187,1.21,2.7299999999999995,1.5059999999999998,2.5100000000000002,3.0,6.0,35.6,34.8,0.6,0.4
2025-02-16,2024,RCD Espanyol,Athletic Club,D,1458.1993174341726,1572.2928934153656,2.24,2.42,1.51,3.3199999999999994,8.0,11.0,34.0,23.6,0.2222222222222222,0.7777777777777778
2025-02-17,2024,FC Barcelona,Rayo Vallecano,H,1569.4696071992291,1528.4046448963732,2.71,1.9699999999999998,3.408,2.6879999999999997,10.0,13.0,21.6,37.2,0.4444444444444444,0.5555555555555556
2025-02-21,2024,Celta Vigo,CA Osasuna,H,1479.2111901676117,1504.9466468568553,2.5300000000000002,1.91,1.518,2.344,5.0,7.0,34.8,33.6,0.5555555555555556,0.4444444444444444
2025-02-22,2024,Alaves,RCD Espanyol,A,1449.9248688490973,1459.4616625008664,2.8,1.39,1.7600000000000002,1.3980000000000001,5.0,8.0,42.4,32.4,1.0,0.0
2025-02-22,2024,Rayo Vallecano,Villarreal CF,A,1521.4967358783842,1541.3545674888896,2.3499999999999996,2.3499999999999996,2.6479999999999997,2.634,10.0,11.0,34.0,22.8,0.375,0.625
2025-02-22,2024,Valencia CF,Ath Madrid,A,1463.3331859575112,1582.8287357752722,2.1999999999999997,1.8599999999999999,1.864,2.5679999999999996,10.0,6.0,29.2,24.8,1.0,0.0
2025-02-22,2024,UD Las Palmas,FC Barcelona,A,1448.3446527255019,1576.377516217218,1.48,2.8,2.2,3.2019999999999995,1.0,13.0,34.4,22.4,0.625,0.375
2025-02-23,2024,Getafe CF,Real Betis,A,1503.7533285892785,1497.2495138843703,2.0599999999999996,2.9099999999999997,1.8359999999999999,2.4899999999999998,11.0,7.0,40.0,30.0,0.2857142857142857,0.7142857142857143
2025-02-23,2024,Real Sociedad,CD Leganes,H,1482.3030693942385,1462.734578740034,2.5300000000000002,1.2999999999999998,1.766,1.456,3.0,5.0,28.8,27.6,0.5,0.5
2025-02-23,2024,Athletic Club,Real Valladolid CF,H,1571.0305483486718,1401.140208086489,7.25,1.3199999999999998,3.1060000000000003,1.4739999999999998,9.0,0.0,21.6,32.4,0.5,0.5
2025-02-23,2024,Real Madrid,Girona FC,H,1587.7876329746084,1478.2320036850413,3.4299999999999997,1.12,4.188,1.9080000000000001,8.0,3.0,21.2,24.0,0.6875,0.3125
2025-02-24,2024,Sevilla FC,RCD Mallorca,D,1494.846643092942,1493.6427107871182,2.87,1.75,2.496,1.8159999999999996,8.0,4.0,32.8,25.2,0.5,0.5
2025-02-28,2024,Real Valladolid CF,UD Las Palmas,D,1397.122981768749,1439.9996104197462,4.1,1.23,1.3079999999999998,2.272,0.0,1.0,28.8,34.0,0.7647058823529411,0.23529411764705882
2025-03-01,2024,Girona FC,Celta Vigo,D,1472.9842888636242,1487.9440029810378,2.55,2.6399999999999997,1.7740000000000002,1.9119999999999997,3.0,8.0,25.2,34.0,0.6666666666666666,0.3333333333333333
2025-03-01,2024,Rayo Vallecano,Sevilla FC,D,1510.0634654193511,1492.8254476527084,4.119999999999999,2.3499999999999996,2.8,2.4699999999999998,9.0,6.0,34.8,30.0,0.5,0.5
2025-03-01,2024,Real Betis,Real Madrid,H,1509.4165594769595,1593.0353477960255,2.4899999999999998,1.39,2.83,3.6519999999999997,10.0,8.0,31.6,17.2,0.8181818181818182,0.18181818181818182
2025-03-01,2024,Ath Madrid,Athletic Club,H,1591.4136990147706,1575.047774666412,2.24,2.2199999999999998,2.3659999999999997,3.9560000000000004,9.0,9.0,28.8,24.0,0.75,0.25
2025-03-02,2024,CD Leganes,Getafe CF,H,1455.256934368683,1491.5862829966893,0.74,0.8099999999999999,1.38,1.8359999999999999,2.0,10.0,27.2,43.6,0.25,0.75
2025-03-02,2024,FC Barcelona,Real Sociedad,H,1584.7225585229737,1489.7807137655896,5.869999999999999,0.0,3.094,1.936,15.0,6.0,20.0,28.8,1.0,0.0
2025-03-02,2024,RCD Mallorca,Alaves,D,1495.6639062273518,1438.2019559161495,2.51,3.7399999999999998,1.888,1.8679999999999999,5.0,2.0,25.2,36.8,0.25,0.75
2025-03-02,2024,CA Osasuna,Valencia CF,D,1496.2138340434292,1454.7482227180128,2.5300000000000002,2.5300000000000002,2.336,2.0620000000000003,6.0,7.0,34.0,31.6,0.5,0.5
2025-03-08,2024,Valencia CF,Real Valladolid CF,H,1457.8507390439913,1396.3438904706943,2.69,2.15,2.3259999999999996,1.904,8.0,1.0,29.6,28.0,0.5555555555555556,0.4444444444444444
2025-03-08,2024,Alaves,Villarreal CF,H,1441.7144209927508,1552.7878379479228,1.3199999999999998,2.74,2.504,2.4459999999999997,2.0,11.0,36.4,25.2,0.14285714285714285,0.8571428571428571
2025-03-08,2024,Celta Vigo,CD Leganes,H,1489.5150689495833,1464.2908377288104,1.79,2.82,2.234,1.3219999999999998,8.0,4.0,34.0,30.0,0.2857142857142857,0.7142857142857143
2025-03-09,2024,Getafe CF,Ath Madrid,H,1482.552379636562,1598.9778547722265,1.8599999999999999,0.94,1.5319999999999998,1.9899999999999998,7.0,11.0,41.6,26.8,0.5,0.5
2025-03-09,2024,Real Madrid,Rayo Vallecano,H,1582.643568192876,1507.6040241067622,2.3499999999999996,3.5399999999999996,3.3379999999999996,2.912,5.0,7.0,17.6,32.0,0.4,0.6
2025-03-09,2024,Athletic Club,RCD Mallorca,D,1567.483618908956,1492.1514411507505,1.2999999999999998,1.39,3.7039999999999997,1.9280000000000002,8.0,6.0,24.0,27.2,0.5,0.5
2025-03-09,2024,Real Betis,UD Las Palmas,H,1519.808339080109,1440.778701717801,3.0,1.01,3.0100000000000002,1.8239999999999998,10.0,1.0,31.6,29.2,0.9166666666666666,0.08333333333333333
2025-03-09,2024,Real Sociedad,Sevilla FC,A,1484.2009319275933,1495.2848889652973,1.21,1.9699999999999998,1.4700000000000002,2.258,6.0,6.0,26.0,28.0,0.6666666666666666,0.3333333333333333
2025-03-10,2024,RCD Espanyol,Girona FC,D,1471.1845754338142,1471.4132228950787,1.79,2.78,1.228,1.778,8.0,4.0,34.0,24.4,0.3076923076923077,0.6923076923076923
2025-03-14,2024,UD Las Palmas,Alaves,D,1434.823067286577,1452.8911322816998,3.29,1.6799999999999997,1.73,2.714,1.0,5.0,32.8,34.0,0.4444444444444444,0.5555555555555556
2025-03-15,2024,Villarreal CF,Real Madrid,A,1541.6111266589737,1588.6957057984878,4.97,2.26,2.738,3.0239999999999996,10.0,8.0,24.4,22.4,0.7333333333333333,0.26666666666666666
2025-03-15,2024,Girona FC,Valencia CF,D,1473.3948370741275,1464.2366360558553,2.42,1.6600000000000001,1.886,2.43,2.0,8.0,25.2,30.4,0.6923076923076923,0.3076923076923077
2025-03-15,2024,Real Valladolid CF,Celta Vigo,A,1389.9579934588303,1496.8409215433464,1.0299999999999998,1.19,2.074,2.4219999999999997,1.0,11.0,26.8,31.6,0.42857142857142855,0.5714285714285714
2025-03-15,2024,RCD Mallorca,RCD Espanyol,H,1496.1064111284409,1469.2029612547653,3.8299999999999996,0.18,1.968,1.42,7.0,8.0,26.8,32.4,0.75,0.25
2025-03-16,2024,CD Leganes,Real Betis,A,1456.9649851350473,1525.7639735113328,2.0599999999999996,3.63,1.738,3.082,4.0,12.0,30.4,32.0,0.3,0.7
2025-03-16,2024,Sevilla FC,Athletic Club,A,1506.964559935091,1563.5286489312657,2.15,1.9699999999999998,2.3599999999999994,3.5160000000000005,8.0,8.0,26.0,18.4,0.4,0.6
2025-03-16,2024,CA Osasuna,Getafe CF,A,1493.1113177174507,1493.8807157273666,2.24,1.79,2.322,1.72,6.0,9.0,28.8,40.4,0.6,0.4
2025-03-16,2024,Rayo Vallecano,Real Sociedad,D,1501.5518865011504,1472.5212609577995,2.3499999999999996,1.88,3.1039999999999996,1.304,4.0,6.0,30.0,28.0,0.5,0.5
2025-03-16,2024,Ath Madrid,FC Barcelona,A,1587.6495186814218,1590.30234036097,1.21,2.9099999999999997,1.5819999999999999,3.2339999999999995,8.0,15.0,29.2,22.0,0.5,0.5
2025-03-27,2024,FC Barcelona,CA Osasuna,H,1602.2168293326513,1481.1446610230341,3.16,0.36,3.3859999999999992,2.34,15.0,3.0,22.4,32.0,0.6666666666666666,0.3333333333333333
2025-03-29,2024,Alaves,Rayo Vallecano,A,1454.3748204680287,1498.776317931843,2.24,2.44,2.6019999999999994,2.8659999999999997,6.0,2.0,37.6,32.4,0.6153846153846154,0.38461538461538464
2025-03-29,2024,Real Sociedad,Real Valladolid CF,H,1475.2968295271069,1381.0155995705052,1.6600000000000001,2.5300000000000002,1.272,1.9619999999999997,4.0,1.0,27.6,24.8,0.3333333333333333,0.6666666666666666
2025-03-29,2024,RCD Espanyol,Ath Madrid,D,1461.921925947324,1575.7350297097405,1.01,1.75,1.2500000000000002,1.5859999999999999,5.0,7.0,31.6,27.2,0.5714285714285714,0.42857142857142855
2025-03-29,2024,Real Madrid,CD Leganes,H,1599.3543098911275,1446.9304173794692,5.0600000000000005,2.0599999999999996,2.54,1.7019999999999995,10.0,4.0,18.0,33.6,0.7272727272727273,0.2727272727272727
2025-03-30,2024,Real Betis,Sevilla FC,H,1535.798541266911,1496.5780359928715,1.8599999999999999,1.12,3.3019999999999996,2.4139999999999997,15.0,8.0,28.0,25.2,0.5,0.5
2025-03-30,2024,Valencia CF,RCD Mallorca,H,1466.4763714866335,1503.387446435882,1.2999999999999998,1.2999999999999998,2.2060000000000004,2.4379999999999997,6.0,9.0,26.8,27.6,0.4444444444444444,0.5555555555555556
2025-03-30,2024,FC Barcelona,Girona FC,H,1607.2120026591067,1471.1551016433493,4.5,0.94,3.4899999999999998,2.258,15.0,3.0,22.0,24.4,0.8333333333333334,0.16666666666666666
2025-03-30,2024,Athletic Club,CA Osasuna,D,1573.9151728734853,1476.1494876965787,2.44,1.0299999999999998,3.032,1.8379999999999999,8.0,2.0,21.2,32.8,0.42857142857142855,0.5714285714285714
2025-03-30,2024,Getafe CF,Villarreal CF,A,1505.8473724217831,1530.952522566334,2.15,1.6799999999999997,1.8319999999999996,2.872,9.0,7.0,39.2,28.0,0.75,0.25
2025-03-31,2024,Celta Vigo,UD Las Palmas,D,1505.7833154316716,1433.3393791002482,3.7399999999999998,0.94,2.06,1.796,11.0,2.0,33.2,31.6,0.6666666666666666,0.3333333333333333
2025-04-04,2024,Rayo Vallecano,RCD Espanyol,A,1509.511771736747,1463.1763262054817,2.8899999999999997,3.38,2.96,1.322,5.0,6.0,34.4,29.6,0.6666666666666666,0.3333333333333333
2025-04-05,2024,Girona FC,Alaves,A,1466.4761691972847,1443.6393666631247,2.7299999999999995,2.13,1.9619999999999997,2.3560000000000003,3.0,5.0,23.6,36.4,0.16666666666666666,0.8333333333333334
2025-04-05,2024,Real Madrid,Valencia CF,A,1603.7040383491296,1475.5268646706545,4.5,1.48,2.8979999999999997,2.0759999999999996,12.0,8.0,18.4,26.4,0.6923076923076923,0.3076923076923077
2025-04-05,2024,RCD Mallorca,Celta Vigo,A,1494.3369532518611,1501.898702361494,1.21,2.0599999999999996,2.156,2.378,6.0,11.0,32.4,32.0,0.6666666666666666,0.3333333333333333
2025-04-05,2024,FC Barcelona,Real Betis,D,1611.8909351051714,1542.7545407823993,2.62,1.12,3.848,2.7779999999999996,15.0,15.0,20.0,30.0,0.75,0.25
2025-04-06,2024,Real Valladolid CF,Getafe CF,A,1375.4205058817154,1494.5623389892337,0.44999999999999996,4.05,2.226,1.734,1.0,6.0,24.0,35.6,0.42857142857142855,0.5714285714285714
2025-04-06,2024,Villarreal CF,Athletic Club,D,1542.2375559988834,1569.429793684529,2.24,1.5699999999999998,2.814,3.0359999999999996,7.0,8.0,32.0,22.8,0.5454545454545454,0.45454545454545453
2025-04-06,2024,UD Las Palmas,Real Sociedad,A,1437.2239921704256,1480.8919232158967,2.62,3.4899999999999998,1.5899999999999999,1.456,3.0,7.0,26.8,28.8,0.5555555555555556,0.4444444444444444
2025-04-06,2024,Sevilla FC,Ath Madrid,A,1489.622036477383,1574.480629451583,2.7299999999999995,2.62,2.092,1.6,5.0,7.0,30.8,28.4,0.5,0.5
2025-04-07,2024,CD Leganes,CA Osasuna,D,1442.580688921467,1480.634866885535,3.1999999999999997,3.0,1.7959999999999998,1.614,3.0,2.0,31.2,30.4,0.3333333333333333,0.6666666666666666
2025-04-11,2024,Valencia CF,Sevilla FC,H,1490.683392683119,1480.049440622812,2.46,2.5300000000000002,1.932,2.0639999999999996,11.0,4.0,25.6,32.0,0.5,0.5
2025-04-12,2024,Real Sociedad,RCD Mallorca,A,1491.6483732654244,1482.5589359744586,2.51,1.5,1.6480000000000001,2.048,7.0,5.0,27.2,31.2,0.8,0.2
2025-04-12,2024,Getafe CF,UD Las Palmas,A,1503.1572805952685,1426.4675421208979,2.7299999999999995,2.3499999999999996,2.132,1.818,9.0,3.0,34.4,24.0,0.6,0.4
2025-04-12,2024,Celta Vigo,RCD Espanyol,A,1513.6767196388967,1476.404959189499,3.1799999999999997,1.3199999999999998,2.284,1.55,11.0,8.0,31.6,29.2,0.7222222222222222,0.2777777777777778
2025-04-12,2024,CD Leganes,FC Barcelona,A,1441.6637967014278,1608.0874526310636,0.8300000000000001,1.95,2.1759999999999997,3.812,4.0,13.0,33.2,25.2,0.3333333333333333,0.6666666666666666
2025-04-13,2024,Athletic Club,Rayo Vallecano,H,1570.6557029424,1496.2831387527297,2.33,1.8599999999999999,1.9,3.068,6.0,5.0,23.6,31.6,0.875,0.125
2025-04-13,2024,CA Osasuna,Girona FC,H,1481.5517591055743,1453.8659400544886,2.9099999999999997,3.9399999999999995,1.832,2.284,3.0,3.0,32.0,24.0,0.5,0.5
2025-04-13,2024,Alaves,Real Madrid,A,1456.2495958059208,1588.547510336665,2.9099999999999997,2.15,2.222,3.1119999999999997,8.0,9.0,38.4,22.0,0.5,0.5
2025-04-13,2024,Real Betis,Villarreal CF,A,1546.558023256507,1541.0116467410123,3.6100000000000003,1.2999999999999998,2.42,2.7960000000000003,13.0,7.0,26.8,33.6,0.5,0.5
2025-04-14,2024,Ath Madrid,Real Valladolid CF,H,1584.053225306154,1366.8255642756806,4.77,1.41,1.7520000000000002,2.052,7.0,1.0,27.2,26.4,0.8333333333333334,0.16666666666666666
2025-04-18,2024,RCD Espanyol,Getafe CF,H,1489.397980992951,1489.169399736831,1.6799999999999997,1.9699999999999998,1.536,2.516,8.0,9.0,26.4,34.0,0.42857142857142855,0.5714285714285714
2025-04-19,2024,Rayo Vallecano,Valencia CF,D,1490.2147836575348,1498.4033510589738,2.15,1.7699999999999998,2.6159999999999997,1.918,4.0,13.0,29.6,27.6,0.7142857142857143,0.2857142857142857
2025-04-19,2024,FC Barcelona,Celta Vigo,H,1615.3812814034889,1500.6836978354447,3.3599999999999994,3.3099999999999996,3.028,2.392,13.0,10.0,21.2,31.2,0.8,0.2
2025-04-19,2024,RCD Mallorca,CD Leganes,D,1494.7967914265937,1434.3699679290025,1.28,1.64,1.846,2.194,7.0,1.0,28.4,31.6,0.5,0.5
2025-04-19,2024,UD Las Palmas,Ath Madrid,H,1440.4554229793353,1587.2661831569117,1.2999999999999998,1.21,2.042,2.258,5.0,7.0,26.8,28.4,0.5,0.5
2025-04-20,2024,Real Valladolid CF,CA Osasuna,A,1363.612606424923,1488.8119535462868,2.5300000000000002,2.7299999999999995,1.514,1.908,0.0,5.0,24.8,34.8,0.7142857142857143,0.2857142857142857
2025-04-20,2024,Villarreal CF,Real Sociedad,D,1553.1524135347247,1479.4105178132893,3.25,1.52,2.586,2.15,7.0,7.0,34.0,30.0,0.7142857142857143,0.2857142857142857
2025-04-20,2024,Sevilla FC,Alaves,D,1472.3294822469572,1448.023701290706,1.48,1.8599999999999999,2.1,2.056,3.0,7.0,36.4,42.4,0.3333333333333333,0.6666666666666666
2025-04-20,2024,Real Madrid,Athletic Club,H,1596.7734048518798,1576.724058037595,4.01,0.56,3.2640000000000002,1.922,12.0,9.0,22.4,25.6,0.9333333333333333,0.06666666666666667
2025-04-21,2024,Girona FC,Real Betis,A,1446.6057456137762,1534.4172564627947,2.44,4.14,2.562,2.6439999999999997,2.0,10.0,26.8,20.4,0.47058823529411764,0.5294117647058824
2025-04-22,2024,Valencia CF,RCD Espanyol,D,1500.1638918157903,1497.4037267872673,3.4699999999999998,1.5899999999999999,1.734,1.514,11.0,10.0,28.4,25.6,0.6,0.4
2025-04-22,2024,FC Barcelona,RCD Mallorca,H,1620.5152313641104,1491.2097440448122,7.369999999999999,0.36,3.118,1.8239999999999998,13.0,7.0,20.4,29.6,0.8666666666666667,0.13333333333333333
2025-04-23,2024,Getafe CF,Real Madrid,A,1481.1636539425149,1604.238094150252,3.5399999999999996,3.29,2.5379999999999994,3.596,6.0,12.0,34.8,19.6,0.5,0.5
2025-04-23,2024,Alaves,Real Sociedad,H,1450.673286660008,1483.3268055979836,1.19,0.54,2.164,2.2119999999999997,5.0,8.0,41.2,28.8,0.5,0.5
2025-04-23,2024,Athletic Club,UD Las Palmas,H,1569.2593687392227,1452.630886678453,2.33,1.48,1.7739999999999998,2.1,8.0,8.0,29.6,24.0,0.5,0.5
2025-04-23,2024,Celta Vigo,Villarreal CF,H,1495.5497478748232,1549.2361257500304,4.5,0.6499999999999999,2.6959999999999993,2.6879999999999997,7.0,8.0,32.0,35.2,0.6666666666666666,0.3333333333333333
2025-04-24,2024,CD Leganes,Girona FC,D,1437.957015310784,1437.117953461884,0.9199999999999999,1.5899999999999999,1.9579999999999995,2.4939999999999998,2.0,1.0,33.6,26.8,0.4444444444444444,0.5555555555555556
2025-04-24,2024,CA Osasuna,Sevilla FC,H,1497.2364227488433,1469.6798968776552,1.39,1.95,2.006,2.0020000000000002,8.0,1.0,33.2,36.0,0.5,0.5
2025-04-24,2024,Ath Madrid,Rayo Vallecano,H,1575.090719457794,1488.4542429007183,2.3499999999999996,2.5300000000000002,2.312,2.3379999999999996,7.0,5.0,27.2,30.8,0.6666666666666666,0.3333333333333333
2025-04-24,2024,Real Betis,Real Valladolid CF,H,1543.9050486146868,1355.1881372223663,3.1799999999999997,2.3499999999999996,2.872,1.5899999999999999,10.0,0.0,20.0,25.2,0.5,0.5
2025-04-27,2024,Villarreal CF,RCD Espanyol,H,1539.7053247731628,1499.4678452034068,2.71,1.37,1.8239999999999998,1.7959999999999998,8.0,11.0,32.4,23.2,0.5714285714285714,0.42857142857142855
2025-05-02,2024,Rayo Vallecano,Getafe CF,H,1482.6801026226312,1472.6794863887462,3.4899999999999998,1.37,2.3739999999999997,2.888,4.0,3.0,30.0,34.4,0.7,0.3
2025-05-03,2024,Real Valladolid CF,FC Barcelona,A,1351.5075836432413,1625.334902972771,1.6099999999999999,4.1899999999999995,1.8539999999999999,3.9599999999999995,0.0,13.0,23.2,21.2,0.3333333333333333,0.6666666666666666
2025-05-03,2024,Villarreal CF,CA Osasuna,H,1546.6347893552775,1504.500059552295,2.8,2.15,2.0300000000000002,2.2119999999999997,8.0,11.0,31.6,33.6,0.2,0.8
2025-05-03,2024,Alaves,Ath Madrid,D,1459.602489526097,1580.864859735881,1.2999999999999998,1.39,2.066,2.54,7.0,10.0,38.8,26.0,0.375,0.625
2025-05-03,2024,UD Las Palmas,Valencia CF,A,1447.5392381442223,1498.0997733996508,2.2199999999999998,2.3499999999999996,1.738,2.096,7.0,11.0,22.8,29.6,0.6428571428571429,0.35714285714285715
2025-05-04,2024,Real Madrid,Celta Vigo,H,1612.7222617040206,1505.0805488516908,3.2699999999999996,3.29,3.8019999999999996,3.3579999999999997,12.0,7.0,21.2,32.0,0.4,0.6
2025-05-04,2024,Sevilla FC,CD Leganes,D,1462.4162600742036,1435.9458947978692,4.279999999999999,1.6799999999999997,1.9620000000000002,1.7299999999999998,1.0,3.0,35.6,34.8,0.8,0.2
2025-05-04,2024,RCD Espanyol,Real Betis,A,1492.5383806212922,1547.5856021938118,2.44,4.699999999999999,1.8679999999999999,2.782,10.0,10.0,22.0,20.8,0.3,0.7
2025-05-04,2024,Real Sociedad,Athletic Club,D,1474.3976027318945,1574.3510172734534,1.95,0.56,1.9439999999999997,1.846,7.0,8.0,33.2,29.6,0.7,0.3
2025-05-05,2024,Girona FC,RCD Mallorca,H,1439.129073974799,1486.3900724361515,2.9099999999999997,1.0999999999999999,2.328,1.13,1.0,4.0,29.2,28.8,0.7142857142857143,0.2857142857142857
2025-05-09,2024,UD Las Palmas,Rayo Vallecano,A,1436.9803085023673,1490.4173493910498,1.5699999999999998,2.8899999999999997,1.9939999999999998,2.584,6.0,4.0,26.0,29.2,0.5,0.5
2025-05-10,2024,Ath Madrid,Real Sociedad,H,1579.4000243085854,1475.2576016672247,3.1999999999999997,0.8300000000000001,2.468,2.002,10.0,5.0,26.0,32.0,0.5,0.5
2025-05-10,2024,RCD Mallorca,Real Valladolid CF,H,1477.04362062913,1346.7824913441184,2.24,3.4699999999999998,1.0899999999999999,1.67,4.0,0.0,27.2,24.0,0.3333333333333333,0.6666666666666666
2025-05-10,2024,Girona FC,Villarreal CF,A,1448.4755257818206,1553.5148784406697,0.63,2.71,2.722,2.142,4.0,10.0,28.8,33.2,0.625,0.375
2025-05-10,2024,Celta Vigo,Sevilla FC,H,1499.7900765385766,1459.7088429444098,1.88,4.609999999999999,3.268,2.594,6.0,2.0,28.8,33.6,0.3333333333333333,0.6666666666666666
2025-05-10,2024,Valencia CF,Getafe CF,H,1508.6587030415058,1464.9422396203277,2.6399999999999997,1.7699999999999998,2.3059999999999996,2.7319999999999998,11.0,3.0,24.0,34.0,0.25,0.75
2025-05-11,2024,CD Leganes,RCD Espanyol,H,1438.653311927663,1482.1082705840947,2.62,2.82,1.654,1.6799999999999997,4.0,7.0,34.8,24.4,0.2727272727272727,0.7272727272727273
2025-05-11,2024,FC Barcelona,Real Madrid,H,1630.059995271894,1618.0127340171348,4.68,2.26,3.8979999999999997,3.444,13.0,12.0,24.8,20.0,0.8333333333333334,0.16666666666666666
2025-05-11,2024,Athletic Club,Alaves,H,1573.4910183381232,1461.0673249533927,1.8599999999999999,0.6499999999999999,1.4700000000000002,1.8780000000000001,8.0,8.0,30.4,40.4,0.8181818181818182,0.18181818181818182
2025-05-11,2024,Real Betis,CA Osasuna,D,1558.0157122310093,1497.6199704669027,2.3499999999999996,2.8899999999999997,3.35,2.4359999999999995,10.0,10.0,19.2,36.0,0.46153846153846156,0.5384615384615384
2025-05-13,2024,Real Valladolid CF,Girona FC,A,1341.9829152929526,1439.480634077601,2.15,2.62,2.274,2.302,0.0,4.0,23.2,30.8,0.6,0.4
2025-05-13,2024,Real Sociedad,Celta Vigo,A,1469.8883796402354,1506.723614806631,2.8,1.12,1.47,3.232,2.0,6.0,32.4,29.2,0.9333333333333333,0.06666666666666667
2025-05-13,2024,Sevilla FC,UD Las Palmas,H,1452.7753046763553,1426.5039490251086,1.7699999999999998,2.13,2.9699999999999998,1.7839999999999996,2.0,6.0,34.8,27.2,0.6666666666666666,0.3333333333333333
2025-05-14,2024,Real Madrid,RCD Mallorca,H,1610.3313033051777,1481.8431966802957,7.279999999999999,0.94,2.996,1.296,12.0,7.0,23.2,29.6,1.0,0.0
2025-05-14,2024,Alaves,Valencia CF,H,1455.8832653271686,1515.4977561687936,2.44,1.7699999999999998,1.5819999999999999,2.5379999999999994,5.0,11.0,37.6,25.2,0.6923076923076923,0.3076923076923077
2025-05-14,2024,Villarreal CF,CD Leganes,H,1562.5097701448892,1447.8907673993479,3.5599999999999996,3.8099999999999996,2.4240000000000004,1.538,10.0,6.0,31.6,32.8,0.3333333333333333,0.6666666666666666
2025-05-15,2024,Rayo Vallecano,Real Betis,D,1500.8937088683085,1554.4294443705348,3.5399999999999996,1.7699999999999998,2.584,3.595999999999999,7.0,10.0,30.0,18.4,0.5882352941176471,0.4117647058823529
2025-05-15,2024,CA Osasuna,Ath Madrid,H,1501.2062383273772,1584.7692463355747,1.6799999999999997,2.26,2.414,2.5839999999999996,10.0,10.0,34.8,22.4,0.375,0.625
2025-05-15,2024,RCD Espanyol,FC Barcelona,A,1472.87081511241,1637.741425983851,1.0999999999999999,2.24,1.9799999999999998,4.31,4.0,15.0,27.6,26.0,0.5,0.5
2025-05-15,2024,Getafe CF,Athletic Club,A,1458.1031864930399,1578.6750779643473,1.28,1.39,2.276,1.528,0.0,10.0,36.8,32.0,0.2857142857142857,0.7142857142857143
2025-05-18,2024,UD Las Palmas,CD Leganes,A,1419.2060572401665,1442.7550910551884,1.95,2.15,1.7399999999999998,2.1339999999999995,3.0,6.0,28.8,32.8,0.8181818181818182,0.18181818181818182
2025-05-18,2024,Ath Madrid,Real Betis,H,1574.379069764617,1554.902969596171,4.99,3.11,2.082,3.228,7.0,11.0,22.4,25.2,0.6363636363636364,0.36363636363636365
2025-05-18,2024,FC Barcelona,Villarreal CF,A,1645.076731322789,1567.6454464890487,4.77,1.5,4.367999999999999,2.4859999999999998,15.0,12.0,28.8,27.2,0.7857142857142857,0.21428571428571427
2025-05-18,2024,Celta Vigo,Rayo Vallecano,A,1517.6752847424386,1500.4201836426723,4.1899999999999995,1.21,2.82,2.9199999999999995,9.0,8.0,27.6,29.6,0.8181818181818182,0.18181818181818182
2025-05-18,2024,RCD Mallorca,Getafe CF,A,1477.0062914124221,1449.548569143143,0.9199999999999999,2.0599999999999996,1.184,1.986,4.0,0.0,31.6,35.2,0.42857142857142855,0.5714285714285714
2025-05-18,2024,CA Osasuna,RCD Espanyol,H,1511.5964148983348,1465.5355097734719,2.3099999999999996,3.1799999999999997,2.168,1.8639999999999997,10.0,1.0,32.4,27.2,0.5714285714285714,0.42857142857142855
2025-05-18,2024,Sevilla FC,Real Madrid,A,1460.0731964612974,1615.1682085730513,0.8300000000000001,3.1799999999999997,2.8179999999999996,4.022,5.0,12.0,38.0,18.8,0.125,0.875
2025-05-18,2024,Real Sociedad,Girona FC,H,1458.9367097044278,1448.6908344972014,3.96,2.26,1.528,2.038,2.0,7.0,35.2,32.4,0.8181818181818182,0.18181818181818182
2025-05-18,2024,Valencia CF,Athletic Club,A,1505.7965861521573,1587.2296953142443,1.12,2.0599999999999996,2.3999999999999995,1.34,8.0,10.0,25.2,28.4,0.625,0.375
2025-05-18,2024,Real Valladolid CF,Alaves,A,1332.7727148733522,1465.584435343805,0.9199999999999999,2.42,2.4219999999999997,1.488,0.0,8.0,21.6,35.2,0.35714285714285715,0.6428571428571429
2025-05-23,2024,Real Betis,Valencia CF,D,1547.422835032363,1496.125538756099,2.42,1.39,3.022,2.27,8.0,7.0,24.0,24.8,0.6,0.4
2025-05-24,2024,Alaves,CA Osasuna,D,1473.7960105640377,1518.374861926707,2.71,3.16,1.6,2.0839999999999996,10.0,10.0,40.4,30.4,0.35714285714285715,0.6428571428571429
2025-05-24,2024,CD Leganes,Real Valladolid CF,H,1454.0841478845305,1324.5611396531194,3.1799999999999997,1.12,2.2359999999999998,2.1,8.0,0.0,32.0,20.8,0.42857142857142855,0.5714285714285714
2025-05-24,2024,Getafe CF,Celta Vigo,A,1462.2823012732251,1505.2153814796573,0.8300000000000001,3.67,2.004,2.9959999999999996,3.0,9.0,32.4,26.4,0.25,0.75
2025-05-24,2024,Real Madrid,Real Sociedad,H,1622.7668042558714,1466.6672598535774,3.76,1.0999999999999999,3.8560000000000003,2.016,12.0,4.0,19.6,34.4,0.7333333333333333,0.26666666666666666
2025-05-24,2024,RCD Espanyol,UD Las Palmas,H,1458.7570627450998,1407.8770004108242,1.5899999999999999,2.0599999999999996,2.182,1.8699999999999999,0.0,0.0,26.4,29.2,0.3333333333333333,0.6666666666666666
2025-05-24,2024,Rayo Vallecano,RCD Mallorca,D,1512.8800869054537,1464.27255928234,4.75,1.39,2.732,1.1119999999999999,10.0,3.0,29.2,30.4,0.8461538461538461,0.15384615384615385
2025-05-25,2024,Villarreal CF,Sevilla FC,H,1581.651261190352,1452.4746007784772,3.11,3.2699999999999996,2.6559999999999997,2.6879999999999997,15.0,4.0,26.0,36.8,0.375,0.625
2025-05-25,2024,Girona FC,Ath Madrid,A,1440.9602843480518,1581.859204328425,0.47,4.9,2.002,2.838,7.0,10.0,30.8,22.0,0.1111111111111111,0.8888888888888888
2025-05-25,2024,Athletic Club,FC Barcelona,A,1596.9007427103024,1631.0709166214858,1.19,2.33,1.64,4.65,13.0,12.0,28.4,30.4,0.25,0.75
